locus_id,gal_b,locus_ssnamenr,sso_tag,preexisting_ztf,n_det,n_ss_det,ss_names,span_d,catalogs,collected_mjd
ANT2026fa9odtf56mrg,46.6,,False,False,4,1,135784,1.997,2mass_xsc;sdss_stars,61310.277
ANT2026w7ymj8xf01dv,51.8,,False,False,9,0,,4.002,,61310.277
ANT2026qzhbdllco60x,21.1,,False,False,3,0,,2.002,2mass_xsc,61310.277
ANT202622t7b08oxv5t,-23.5,,False,False,22,0,,11.059,2mass_xsc;tns_public_objects,61310.277
ANT2026xedb273uti0l,-21.9,,False,False,3,0,,4.02,,61310.277
ANT2026dfal7vo387ia,-21.7,,False,True,3,0,,4.02,,61310.277
ANT2026ln8anacal443,-22.1,2256,False,False,3,3,2256,0.09,,61310.277
ANT2026vfazgu705vxs,-21.1,13649,False,False,3,3,13649,0.09,,61310.277
ANT2026rqtmghtsyq1o,-26.7,8199,False,False,3,3,8199,0.092,,61310.277
ANT2026n6l5g9fcuhn4,-34.7,,False,False,21,0,,10.045,2mass_xsc;tns_public_objects,61310.277
ANT2026e13zynk8tta5,-28.4,32549,False,False,4,4,32549,0.044,,61310.277
ANT2026jeynubiwyfmm,-26.2,10595,False,False,3,3,10595,0.09,,61310.277
ANT20264z8qh9kutofa,-25.4,19323,False,False,3,3,19323,0.09,,61310.277
ANT202697rn6o3tsg5h,-43.9,,False,False,9,0,,8.04,bright_guide_star_cat;tns_public_objects,61310.277
ANT2026rcyhsx1h2953,-27.4,,False,False,13,0,,4.979,bright_guide_star_cat;tns_public_objects,61310.277
ANT2026c0jx1jm8gykm,-22.7,16763,False,False,3,3,16763,0.086,,61310.277
ANT20262y0e6c1ur30a,-39.6,,False,False,4,0,,6.095,tns_public_objects,61310.277
ANT202637tgpky3la9t,-25.1,,False,False,5,0,,5.991,2mass_xsc;tns_public_objects,61310.277
ANT2026182ctgde5scn,-25.3,,False,False,7,0,,7.956,bright_guide_star_cat;sdss_stars;tns_public_objects,61310.277
ANT2026y0vfadqossd7,-25.4,100387,False,False,3,3,100387,0.001,,61310.277
ANT2026iul4wzgx769o,-28.8,41025,False,False,3,3,41025,0.013,,61310.277
ANT2026rafl99c9ax2x,-31.4,90412,False,False,3,3,90412,0.002,,61310.277
ANT20265kgwfl0siuw7,-48.3,,False,False,21,0,,13.054,tns_public_objects,61310.277
ANT2026holu3ys2kxir,-36.9,,False,False,14,1,399249,7.959,tns_public_objects,61310.277
ANT2026pqqoxmvnrrep,-65.6,,False,False,9,0,,4.128,2mass_xsc;tns_public_objects,61310.277
ANT2026etju6axofx4u,-67.6,,False,False,7,0,,11.021,tns_public_objects,61310.277
ANT2026mvzjc7xhne4z,-21.8,62016,False,False,3,3,62016,0.035,,61310.277
ANT2026dtkqadbu1exa,-45.4,6587,False,False,3,3,6587,0.001,,61310.277
ANT2026gyr1ipqxdlbn,-49.7,83427,False,False,3,3,83427,0.002,,61310.277
ANT2026mwwrrfb9jis9,-49.7,157363,False,False,3,3,157363,0.002,,61310.277
ANT2026eay44fij7n8g,-49.8,,False,False,16,0,,6.023,2mass_xsc;RC3;tns_public_objects,61310.277
ANT2026t26ul3m4vdv3,-48.4,,False,False,15,2,289033,12.042,2mass_xsc;tns_public_objects,61310.277
ANT2026kuf9acbl1zke,-28.8,41025,False,False,3,3,41025,0.016,,61310.277
ANT20267zviemic85xo,-62.1,,False,False,3,0,,2.0,,61310.277
ANT2026grbpf3v0gdqn,-33.2,,False,False,8,0,,7.901,2mass_psc;2mass_xsc;allwise;bright_guide_star_cat;gaia_dr3_gaia_source;sdss_gals;tns_public_objects,61310.277
ANT2026xz3fdz479lgi,-49.7,,False,False,11,0,,4.027,2mass_psc;2mass_xsc;allwise;gaia_dr3_gaia_source;ned;tns_public_objects,61310.277
ANT2026re9sweenj7ze,-49.7,83427,False,False,3,3,83427,0.002,,61310.277
ANT20260lk6qhp0fmsj,-37.3,,False,False,5,0,,1.069,,61310.277
ANT2026d3vfg2nkbms3,-39.4,,False,False,17,0,,12.924,2mass_psc;allwise;bright_guide_star_cat;gaia_dr3_gaia_source;ned;tns_public_objects,61310.277
ANT2026bcry1qpkjsil,55.5,,False,False,5,0,,2.006,tns_public_objects,61310.277
ANT2026rtvlzh1zisw5,60.5,,False,False,4,0,,1.002,,61310.277
ANT2026n9fneo879ue4,48.7,,False,False,5,0,,1.005,bright_guide_star_cat;sdss_gals,61310.277
ANT202619lmue9fhah4,55.3,,False,True,9,0,,7.001,tns_public_objects,61310.277
ANT2026csn4ivf5ufnz,21.7,,False,False,4,0,,1.005,2mass_xsc;ned,61310.277
ANT2026iuuejdp0ssd0,38.8,,False,False,4,0,,7.003,tns_public_objects,61310.277
ANT2026996frbh7ry5m,26.7,,False,False,3,0,,8.999,,61310.277
ANT2026z7v6lz52m4pj,-24.4,,False,False,6,0,,5.064,allwise;bright_guide_star_cat;gaia_dr3_gaia_source;gaia_dr3_variability;tns_public_objects,61310.277
ANT2026crp5jxafx992,-27.4,,False,False,3,0,,3.025,2mass_xsc,61310.277
ANT202665zdsxxtj6ti,-24.4,,False,False,6,0,,3.142,tns_public_objects,61310.277
ANT2026nvlxdk3jj0av,-22.1,2256,False,False,3,3,2256,0.081,,61310.277
ANT2026uervdzmqtvzd,-21.2,16179,False,False,3,3,16179,0.081,,61310.277
ANT2026afk4i1aq8wpx,-33.9,186945,False,False,3,3,186945,0.075,,61310.277
ANT20261xfn1u3tqyp0,-26.6,10922,False,False,3,3,10922,0.078,,61310.277
ANT20261tlpzvs38csk,-26.3,24429,False,False,3,3,24429,0.078,,61310.277
ANT2026vu4wk8oyi8hk,-26.2,10595,False,False,3,3,10595,0.078,,61310.277
ANT20265uaxqn5vg0nw,-22.1,43037,False,False,3,3,43037,0.078,,61310.277
ANT2026ckga7glqxtis,-27.2,47485,False,False,3,3,47485,0.077,,61310.277
ANT2026u7z2e07i4ttl,-26.7,8199,False,False,3,3,8199,0.077,,61310.277
ANT20269tkflv0etf21,-32.8,,False,False,5,0,,5.011,allwise;bright_guide_star_cat;gaia_dr3_gaia_source,61310.277
ANT2026ajmaofqleo4m,-34.3,,False,False,5,0,,5.011,2mass_xsc;tns_public_objects,61310.277
ANT2026m54rf96fojfv,-22.5,,False,False,6,0,,5.991,2mass_xsc;tns_public_objects,61310.277
ANT20265ljup7wlw11o,-22.1,35002,False,False,3,3,35002,0.034,,61310.277
ANT2026jnizqpxzpnok,-28.8,41025,False,False,3,3,41025,0.005,,61310.277
ANT20267l5eq38nxqie,-25.1,249766,False,False,3,3,249766,0.123,,61310.277
ANT20265rodtg2ic8dg,-28.9,51165,False,False,4,4,51165,0.032,,61310.277
ANT2026me7pfhjaltqt,-36.8,56120,False,False,3,3,56120,0.007,,61310.277
ANT20268u0ih45zh6fw,-32.8,178704,False,False,3,3,178704,0.001,,61310.277
ANT2026odoi6773730i,-29.1,88484,False,False,3,3,88484,0.117,,61310.277
ANT2026p6kwpk0rmhvs,-31.5,103389,False,False,3,2,103389,12.057,,61310.277
ANT20265cbfhcrx2ns0,-49.7,5432,False,False,3,3,5432,0.004,,61310.277
ANT2026og0dbhzxl36t,-52.5,625137,False,False,3,3,625137,0.002,,61310.277
ANT2026jsc8pgmd56iw,-59.8,,False,False,16,0,,10.943,2mass_xsc;tns_public_objects,61310.277
ANT2026byruiw1s805d,-40.5,,False,False,15,1,190835,10.087,allwise;bright_guide_star_cat;tns_public_objects,61310.277
ANT2026dqws97k8keno,-54.3,56892,False,False,3,3,56892,0.002,,61310.277
ANT2026lbp87hldfrmq,-44.7,,False,False,7,0,,3.959,tns_public_objects,61310.277
ANT202623qvz544azja,-46.0,32016,False,False,3,3,32016,0.001,,61310.277
ANT2026z9dc35rc27dp,-28.8,41025,False,False,3,3,41025,0.001,,61310.277
ANT2026cb0z46kuu6th,-24.8,3971,False,False,3,3,3971,0.071,,61310.277
ANT2026vi6u6mhg5nh1,36.0,,False,False,4,0,,4.994,tns_public_objects,61310.277
ANT20264qul8la29hk9,62.2,,False,False,5,0,,0.998,sdss_stars,61310.277
ANT2026b4w8bxhj4j4c,33.3,,False,False,3,0,,0.008,,61310.277
ANT2026kty8um25e0pi,32.4,,False,False,5,0,,8.004,tns_public_objects,61310.277
ANT2026b9rus6p1yw6l,35.9,,False,True,3,0,,6.001,allwise;bright_guide_star_cat;gaia_dr3_gaia_source;milliquas;sdss_stars,61310.277
ANT2026jwuo7w3vd87p,29.5,,False,False,3,0,,3.0,sdss_gals;tns_public_objects,61310.277
ANT2026gbhwpu6syvg0,-24.9,,False,False,7,0,,8.02,allwise;bright_guide_star_cat;gaia_dr3_gaia_source,61310.277
ANT2026usgywei6djpt,-22.4,,False,False,6,0,,7.032,allwise;gaia_dr3_gaia_source;milliquas,61310.277
ANT2026klf66d3gd46h,-22.7,,False,False,5,0,,9.062,allwise;bright_guide_star_cat;gaia_dr3_gaia_source,61310.277
ANT20264xfl6n24qhjk,-22.3,,False,False,5,0,,7.032,bright_guide_star_cat;gaia_dr3_gaia_source;gaia_dr3_variability,61310.277
ANT2026rt8msfuefmyb,-26.1,,False,False,4,0,,9.062,allwise;bright_guide_star_cat;gaia_dr3_gaia_source;gaia_dr3_variability,61310.277
ANT2026nu0g2s8vvur4,-24.4,,False,False,8,0,,9.062,allwise;bright_guide_star_cat;gaia_dr3_gaia_source;gaia_dr3_variability;milliquas,61310.277
ANT2026kwb599zsisrs,-23.9,,False,False,7,0,,9.062,allwise;bright_guide_star_cat;gaia_dr3_gaia_source;gaia_dr3_variability;milliquas,61310.277
ANT2026k2ukio0lvax8,-24.4,,False,False,8,0,,8.02,allwise;bright_guide_star_cat;gaia_dr3_gaia_source,61310.277
ANT2026x2gwkjt182vd,-23.3,,False,False,4,0,,7.032,allwise,61310.277
ANT2026ezq8598lsopz,-24.4,,False,False,11,0,,10.023,2mass_psc;allwise;bright_guide_star_cat;gaia_dr3_gaia_source;gaia_dr3_variability;milliquas;vii_274_bzcat5,61310.277
ANT202669zt9g7sq5ro,-32.7,178704,False,False,3,3,178704,0.001,,61310.277
ANT2026tp29hwc1t9qs,-32.7,97077,False,False,3,3,97077,0.001,,61310.277
ANT2026tgfuaaxqawfo,-30.8,,False,False,9,0,,6.069,2mass_psc;allwise;bright_guide_star_cat;gaia_dr3_gaia_source,61310.277
ANT2026thzdn8l64vxw,-28.8,41025,False,False,3,3,41025,0.002,,61310.277
ANT2026fn6zr5xiscx5,-21.4,,False,False,5,0,,2.071,,61310.277
ANT20268trzyuuhiiht,-25.1,249766,False,False,3,3,249766,0.161,,61310.277
ANT2026y63y9satbagp,-36.1,85961,False,False,3,3,85961,0.159,,61310.277
ANT2026lyuihssxlrru,-33.5,,False,False,10,0,,8.059,,61310.277
ANT2026elxt9bzslrzp,-35.4,,False,False,12,1,676492,7.988,2mass_xsc;tns_public_objects,61310.277
ANT2026bu9dab0av3lv,-38.4,,False,False,12,0,,7.026,2mass_psc;allwise;bright_guide_star_cat;gaia_dr3_gaia_source;tns_public_objects,61310.277
ANT2026lalmfbjgfo0w,-42.3,,False,False,14,0,,10.067,,61310.277
ANT2026lvlcyz8nmnjn,-42.1,39617,False,False,3,3,39617,0.135,,61310.277
ANT2026uv7kvubv71ke,-40.4,21085,False,False,3,3,21085,0.135,,61310.277
ANT202653wc6atkx3px,-28.9,51165,False,False,3,3,51165,0.055,,61310.277
ANT2026tahb4tewr0r6,-46.0,,False,False,3,1,60044,6.018,,61310.277
ANT2026q8nv4nbdtpdn,-45.6,,False,False,8,0,,7.958,allwise;bright_guide_star_cat;tns_public_objects,61310.277
ANT20266coy9xzh1jmm,-28.3,,False,False,14,0,,9.987,2mass_psc;allwise;bright_guide_star_cat;gaia_dr3_gaia_source;nyu_valueadded_gals;tns_public_objects,61310.277
ANT20260o280gvkcbx4,-25.4,,False,False,5,0,,6.98,allwise;bright_guide_star_cat;gaia_dr3_gaia_source;gaia_dr3_variability;milliquas,61310.277
ANT2026gcrl98n1nx2h,-47.8,,False,False,16,0,,9.094,tns_public_objects,61310.277
ANT20263mjvslc08o7c,-75.1,,False,False,6,0,,4.939,tns_public_objects,61310.277
ANT20265oeuah7hyttt,-47.0,,False,False,6,0,,7.98,,61310.277
ANT2026flg84sceod61,-48.5,,False,False,6,0,,6.953,bright_guide_star_cat;tns_public_objects,61310.277
ANT20267n91pfh9gtdx,-81.2,,False,False,5,0,,10.957,tns_public_objects,61310.277
ANT2026haa5y6dggpno,-49.7,,False,False,24,0,,10.089,2mass_xsc;tns_public_objects,61310.277
ANT202682gf0ebopwpv,-59.6,,False,False,18,0,,9.062,allwise;bright_guide_star_cat;ned;nyu_valueadded_gals;sdss_gals;tns_public_objects,61310.277
ANT2026myfl36b6wglv,-47.4,,False,False,5,0,,10.023,2mass_xsc;RC3;tns_public_objects,61310.277
ANT20266b6afund6oe2,-52.2,,False,False,17,0,,10.971,sdss_gals;tns_public_objects,61310.277
ANT2026yrnbvz96qx2u,-65.2,,False,False,6,0,,7.94,tns_public_objects,61310.277
ANT2026tmyaj9gkcvsa,-64.2,,False,False,7,0,,5.89,,61310.277
ANT2026uglsex8dwast,-52.3,,False,False,3,0,,4.0,,61310.277
ANT2026c075078jdfs7,-41.0,,False,False,4,0,,8.987,2mass_psc;allwise;bright_guide_star_cat;gaia_dr3_gaia_source;gaia_dr3_variability;gaia_edr3_distances_bailer_jones;milliquas,61310.277
ANT2026cmzhu4gwd50c,-30.1,,False,True,6,2,126180,5.882,2mass_psc;allwise;asassn_variable_catalog_v2_20190802;bright_guide_star_cat;csdr2;gaia_dr3_gaia_source;gaia_dr3_variability;vsx,61310.277
ANT2026539o1cbozswl,-53.0,,False,True,3,0,,5.89,2mass_psc;allwise;asassn_variable_catalog_v2_20190802;bright_guide_star_cat;csdr2;gaia_dr3_gaia_source;gaia_dr3_variability;nyu_valueadded_gals;sdss_stars;vsx,61310.277
ANT2026hl7u2vgb5dfh,-57.5,11184,False,False,3,3,11184,0.001,,61310.277
ANT2026jp5foaqdnzqa,-37.8,,False,False,10,0,,10.914,2mass_xsc;RC3,61310.277
ANT2026lpcsemkwo23q,-71.9,,False,True,23,0,,10.062,allwise;bright_guide_star_cat;gaia_dr3_gaia_source;ned;tns_public_objects,61310.277
ANT20269q8iqm67ho75,-55.5,,False,False,15,0,,10.927,tns_public_objects,61310.277
ANT2026pymtd09n42x3,-23.9,109713,False,False,3,3,109713,0.028,,61310.277
ANT2026mq6fb63jyybg,-24.8,3971,False,False,3,3,3971,0.028,,61310.277
ANT2026k56flgodjczz,20.5,,False,False,3,0,,4.962,2mass_psc;allwise;bright_guide_star_cat;gaia_dr3_gaia_source;sdss_gals,61310.277
ANT2026qb7goclqp2c0,-29.7,,False,False,7,0,,5.998,allwise;bright_guide_star_cat;gaia_dr3_gaia_source;gaia_dr3_variability,61310.277
ANT2026y976c070bmoi,-32.1,,False,False,5,0,,5.998,allwise;bright_guide_star_cat;gaia_dr3_gaia_source;gaia_dr3_variability;milliquas,61310.277
ANT202623os2s0btloz,-28.0,,False,False,5,0,,5.029,2mass_psc;allwise;bright_guide_star_cat;gaia_dr3_gaia_source;gaia_dr3_variability,61310.277
ANT2026v0nh1kmv3o8f,-28.9,,False,False,6,0,,5.998,2mass_psc;2mass_xsc;allwise;bright_guide_star_cat;gaia_dr3_gaia_source;ned,61310.277
ANT2026apoelan20l38,-27.5,,False,True,8,0,,8.986,allwise;bright_guide_star_cat;gaia_dr3_gaia_source;gaia_dr3_variability,61310.277
ANT2026aub7tc2t2cbl,-36.4,,False,False,5,0,,8.025,allwise;bright_guide_star_cat;gaia_dr3_gaia_source;gaia_dr3_variability,61310.277
ANT2026mk38g6okcq15,-39.1,,False,False,8,0,,8.023,tns_public_objects,61310.277
ANT2026ekx9top04e6v,-47.2,,False,False,8,0,,8.982,allwise;bright_guide_star_cat;gaia_dr3_gaia_source;gaia_dr3_variability;milliquas,61310.277
ANT20262u6osc84pfcq,-42.1,,False,False,3,0,,5.131,2mass_psc,61310.277
ANT2026yq219vmkfhrw,-33.5,85305,False,False,3,3,85305,0.092,,61310.277
ANT2026qy1hz5sys1i8,-35.3,,False,False,4,0,,3.958,,61310.277
ANT2026o7xt41n1jk3o,-36.4,126205,False,False,3,3,126205,0.092,,61310.277
ANT2026msdlixrqj5oh,-28.2,,False,False,10,0,,8.966,2mass_xsc,61310.277
ANT2026ucqvszqozkhr,-28.8,41025,False,False,7,7,41025,0.093,,61310.277
ANT2026wc97k5kaehc8,-34.4,12582,False,False,3,3,12582,0.092,,61310.277
ANT2026x9gtvcdgc46n,-30.5,89761,False,False,3,3,89761,0.001,,61310.277
ANT2026vqq6qf3jxl0r,-52.5,,False,False,11,1,263025,8.024,bright_guide_star_cat;gaia_dr3_gaia_source,61310.277
ANT20266ny2x4no5bf8,-31.0,,False,True,3,0,,4.953,allwise;bright_guide_star_cat;gaia_dr3_gaia_source;gaia_dr3_variability;gaia_edr3_distances_bailer_jones,61310.277
ANT2026atwn1nfdu869,-55.7,801,False,False,3,3,171360;801,8.131,,61310.277
ANT2026t9ksa04vwmo1,-28.9,51165,False,False,3,3,51165,0.041,,61310.277
ANT2026r32zhac0dmtc,-27.0,36900,False,False,3,3,36900,0.041,,61310.277
ANT2026wa3bom3zu7w2,-32.3,194568,False,False,3,3,194568,0.021,,61310.277
ANT2026knfk4sd0phm7,-61.7,55004,False,False,3,3,55004,0.002,,61310.277
ANT2026mz1b7cqnsoxw,-35.2,269972,False,False,3,3,269972,0.001,,61310.277
ANT2026xalb3sp3svgc,42.8,737,False,False,3,3,737,0.002,,61310.277
