box,ra_min,ra_max,dec_min,dec_max,area_deg2,frac_abs_b_ge_20,cells_complete,month,new,new_ndet_ge2,eligible,active,eligible_per_25deg2,frac_bogus,frac_asteroid,frac_vs,frac_agn,frac_sn
T240-25,240.0,245.0,-25.0,-20.0,23.1,0.74,4/4,Feb15-28,0,0,0,0,0,0.0,0.0,0.0,0.0,0.0
T240-25,240.0,245.0,-25.0,-20.0,23.1,0.74,4/4,Mar,0,0,0,0,0,0.0,0.0,0.0,0.0,0.0
T240-25,240.0,245.0,-25.0,-20.0,23.1,0.74,4/4,Apr,0,0,0,0,0,0.0,0.0,0.0,0.0,0.0
T240-25,240.0,245.0,-25.0,-20.0,23.1,0.74,4/4,May,16454,5775,1691,16454,1831,0.38,0.009,0.53,0.081,0.0
T240-25,240.0,245.0,-25.0,-20.0,23.1,0.74,4/4,Jun,2362,45,0,4858,0,0.712,0.01,0.164,0.114,0.0
T240-25,240.0,245.0,-25.0,-20.0,23.1,0.74,4/4,Jul1-14,0,0,0,0,0,0.0,0.0,0.0,0.0,0.0
T245-25,245.0,250.0,-25.0,-20.0,23.1,0.04,4/4,Feb15-28,0,0,0,0,0,0.0,0.0,0.0,0.0,0.0
T245-25,245.0,250.0,-25.0,-20.0,23.1,0.04,4/4,Mar,0,0,0,0,0,0.0,0.0,0.0,0.0,0.0
T245-25,245.0,250.0,-25.0,-20.0,23.1,0.04,4/4,Apr,0,0,0,0,0,0.0,0.0,0.0,0.0,0.0
T245-25,245.0,250.0,-25.0,-20.0,23.1,0.04,4/4,May,15799,8933,3847,15799,4165,0.398,0.017,0.504,0.081,0.001
T245-25,245.0,250.0,-25.0,-20.0,23.1,0.04,4/4,Jun,15832,2601,399,23187,432,0.787,0.012,0.135,0.066,0.0
T245-25,245.0,250.0,-25.0,-20.0,23.1,0.04,4/4,Jul1-14,10573,1282,116,13198,126,0.751,0.004,0.16,0.084,0.0
T250-25,250.0,255.0,-25.0,-20.0,23.1,0.0,4/4,Feb15-28,0,0,0,0,0,0.0,0.0,0.0,0.0,0.0
T250-25,250.0,255.0,-25.0,-20.0,23.1,0.0,4/4,Mar,0,0,0,0,0,0.0,0.0,0.0,0.0,0.0
T250-25,250.0,255.0,-25.0,-20.0,23.1,0.0,4/4,Apr,0,0,0,0,0,0.0,0.0,0.0,0.0,0.0
T250-25,250.0,255.0,-25.0,-20.0,23.1,0.0,4/4,May,14636,7564,3071,14636,3325,0.335,0.023,0.582,0.06,0.001
T250-25,250.0,255.0,-25.0,-20.0,23.1,0.0,4/4,Jun,20692,10406,4581,27886,4960,0.786,0.01,0.143,0.06,0.001
T250-25,250.0,255.0,-25.0,-20.0,23.1,0.0,4/4,Jul1-14,111199,21621,3911,128387,4235,0.682,0.005,0.224,0.089,0.001
T240-20,240.0,245.0,-20.0,-15.0,23.8,1.0,4/4,Feb15-28,0,0,0,0,0,0.0,0.0,0.0,0.0,0.0
T240-20,240.0,245.0,-20.0,-15.0,23.8,1.0,4/4,Mar,0,0,0,0,0,0.0,0.0,0.0,0.0,0.0
T240-20,240.0,245.0,-20.0,-15.0,23.8,1.0,4/4,Apr,0,0,0,0,0,0.0,0.0,0.0,0.0,0.0
T240-20,240.0,245.0,-20.0,-15.0,23.8,1.0,4/4,May,3524,1179,357,3524,374,0.466,0.076,0.333,0.123,0.002
T240-20,240.0,245.0,-20.0,-15.0,23.8,1.0,4/4,Jun,12239,1486,266,13236,279,0.612,0.036,0.249,0.102,0.001
T240-20,240.0,245.0,-20.0,-15.0,23.8,1.0,4/4,Jul1-14,0,0,0,0,0,0.0,0.0,0.0,0.0,0.0
T245-20,245.0,250.0,-20.0,-15.0,23.8,0.68,4/4,Feb15-28,0,0,0,0,0,0.0,0.0,0.0,0.0,0.0
T245-20,245.0,250.0,-20.0,-15.0,23.8,0.68,4/4,Mar,0,0,0,0,0,0.0,0.0,0.0,0.0,0.0
T245-20,245.0,250.0,-20.0,-15.0,23.8,0.68,4/4,Apr,0,0,0,0,0,0.0,0.0,0.0,0.0,0.0
T245-20,245.0,250.0,-20.0,-15.0,23.8,0.68,4/4,May,22268,13022,4584,22268,4808,0.601,0.007,0.322,0.07,0.0
T245-20,245.0,250.0,-20.0,-15.0,23.8,0.68,4/4,Jun,36157,4364,132,48956,138,0.855,0.005,0.086,0.053,0.0
T245-20,245.0,250.0,-20.0,-15.0,23.8,0.68,4/4,Jul1-14,4421,24,0,10954,0,0.719,0.002,0.054,0.225,0.0
T250-20,250.0,255.0,-20.0,-15.0,23.8,0.01,4/4,Feb15-28,0,0,0,0,0,0.0,0.0,0.0,0.0,0.0
T250-20,250.0,255.0,-20.0,-15.0,23.8,0.01,4/4,Mar,0,0,0,0,0,0.0,0.0,0.0,0.0,0.0
T250-20,250.0,255.0,-20.0,-15.0,23.8,0.01,4/4,Apr,0,0,0,0,0,0.0,0.0,0.0,0.0,0.0
T250-20,250.0,255.0,-20.0,-15.0,23.8,0.01,4/4,May,46944,28213,14742,46944,15462,0.694,0.005,0.251,0.051,0.0
T250-20,250.0,255.0,-20.0,-15.0,23.8,0.01,4/4,Jun,63210,25535,6422,90111,6736,0.827,0.008,0.116,0.049,0.0
T250-20,250.0,255.0,-20.0,-15.0,23.8,0.01,4/4,Jul1-14,61165,8197,923,100369,968,0.78,0.006,0.129,0.085,0.0
D,147.6,152.6,0.0,5.0,25.0,1.0,4/4,Feb15-28,322900,157521,41687,353249,41740,0.645,0.243,0.056,0.051,0.005
D,147.6,152.6,0.0,5.0,25.0,1.0,4/4,Mar,1992,841,57,9531,57,0.39,0.546,0.03,0.028,0.007
D,147.6,152.6,0.0,5.0,25.0,1.0,4/4,Apr,4926,2007,175,12036,175,0.383,0.547,0.037,0.03,0.003
D,147.6,152.6,0.0,5.0,25.0,1.0,4/4,May,2722,645,92,8539,92,0.607,0.296,0.042,0.053,0.001
D,147.6,152.6,0.0,5.0,25.0,1.0,4/4,Jun,547,47,5,3104,5,0.468,0.236,0.199,0.093,0.004
D,147.6,152.6,0.0,5.0,25.0,1.0,4/4,Jul1-14,0,0,0,0,0,0.0,0.0,0.0,0.0,0.0
